Company,Prediction
AAPL,187.08278
MSFT,391.43094
AMZN,166.05988
GOOGL,145.94087
META,483.59805
TSLA,197.71526
JNJ,158.66791
NVDA,763.02625
JPM,171.63376
WMT,167.84897
V,269.8027
PG,149.09593
UNH,495.90256
MA,454.93066
PYPL,63.571423
HD,341.13937
BAC,32.934216
CRM,283.3121
NFLX,573.14557
